Log_Type_ID,Log_Type,Log_Content
actiontrail_event,操作审计的操作日志,"{""__topic__"":""日志主题，固定为actiontrail_event。"",
""owner_id"":""阿里云账号ID"",
""event"":""事件主体内容，JSON格式。事件主体的内容随事件变化。"",
""event.eventId"":""事件ID，事件的唯一标识。"",
""event.eventName"":""事件名称"",
""event.eventSource"":""事件来源"",
""event.eventType"":""事件类型"",
""event.eventVersion"":""ActionTrail的数据格式版本，固定为1。"",
""event.acsRegion"":""事件所在的地域"",
""event.requestId"":""操作云产品的请求ID"",
""event.apiVersion"":""相关API的版本"",
""event.errorMessage"":""事件失败的错误信息"",
""event.serviceName"":""事件相关的服务名称"",
""event.sourceIpAddress"":""事件相关的源IP地址"",
""threat_sourceIpAddress"":""事件相关的源IP地址的威胁情报。更多信息，请参见威胁情报字段。"",
""event.userAgent"":""事件相关的客户端"",
""event.requestParameters.HostId"":""请求参数中的主机ID"",
""event.requestParameters.Name"":""请求参数中的名称"",
""event.requestParameters.Region"":""请求参数中的地域"",
""event.userIdentity.accessKeyId"":""请求所使用的AccessKey ID"",
""event.userIdentity.accountId"":""请求账号的ID"",
""event.userIdentity.principalId"":""请求账号的凭证ID"",
""event.userIdentity.type"":""请求账号的类型"",
""event.userIdentity.userName"":""请求账号的名称"",
""event.errorCode"":""事件失败的错误码"",
""addionalEventData.isMFAChecked"":""登录账号是否开启MFA"",
""addionalEventData.loginAccount"":""登录账号""}"
oss_access_log,对象存储OSS访问日志,"{""__topic__"":""日志主题，固定为oss_access_log。"" ,
""owner_id"":""阿里云账号ID"",
""region"":""Bucket所在地域"",
""access_id"":""访问者的阿里云AccessKey ID"",
""time"":""访问时间，即OSS收到请求的时间。如果需要时间戳，可使用__time__。"" ,
""User-Agent"":""HTTP的User-Agent头"",
""logging_flag"":""是否开启了日志定期导出到OSS Bucket的功能"",
""bucket"":""Bucket名称"",
""content_length_in"":""请求头中Content-Length的值，单位：Byte。"" ,
""content_length_out"":""响应头中Content-Length的值，单位：Byte。"",
""object"":""OSS Object，URL编码。查询时，您可使用select url_decode(object)解码。"",
""object_size"":""OSS Object大小，单位：Byte。"",
""operation"":""访问类型。更多信息，请参见访问类型。"",
""request_uri"":""请求URI，包括query-string，路径是URL编码。查询时，您可使用select url_decode(request_uri)解码。"",
""error_code"":""OSS返回的错误码。更多信息，请参见错误码概述。"",
""request_length"":""HTTP请求的大小，包括header，单位：Byte。"",
""client_ip"":""发起请求的IP地址，即客户端IP地址、其网络防火墙或者Proxy的IP地址。"",
""threat_client_ip"":""请求客户端的IP地址的威胁情报。更多信息，请参见威胁情报字段。"",
""response_body_length"":""响应Body大小，不包括header。"",
""http_method"":""HTTP请求方法"",
""referer"":""请求的HTTP Referer"",
""requester_id"":""请求者的阿里云账号ID，匿名访问时为短划线（-）。"",
""request_id"":""请求ID"",
""response_time"":""请求响应时间，单位：毫秒。"",
""server_cost_time"":""OSS服务器处理时间，即OSS服务器处理本次请求所花的时间，单位：毫秒。"",
""http_type"":""HTTP请求类型，HTTP或HTTPS。"",
""sign_type"":""签名类型。更多信息，请参见签名类型。"",
""http_status"":""HTTP状态，即OSS请求返回的HTTP状态。"",
""sync_request"":""同步请求类型。更多信息，请参见同步请求类型。"",
""bucket_storage_type"":""OSS Object存储类型。更多信息，请参见存储类型。"",
""host"":""请求访问域名"",
""vpc_addr"":""OSS所在VPC的VIP地址。该地址为整数类型（例如343819108），您可以使用int_to_ip(cast(vpc_addr as bigint))，将其转换为IP地址形式。"",
""vpc_id"":""VPC ID"",
""delta_data_size"":""OSS Object大小的变化量。如果没有变化则为0；如果不是上传请求，则为短划线（-）。"",
""acc_access_region"":""如果是传输加速请求，这个字段为请求接入点所在地域名，否则为短划线（-）。"",
""restore_priority"":""解冻优先级"",
""extend_information"":""扩展字段，默认为短划线（-）。如果是通过RAM角色发起的请求，则日志会记录相关的RAM角色信息，拼接规则为requesterParentId,roleName,roleSessionName,roleOwnerId，以半角逗号（,）分隔，可能会继续拼接新字段。""}"
oss_batch_delete_log,对象存储OSS批量删除日志,"{'__topic__': '日志主题，固定为oss_batch_delete_log。',
'owner_id': 'Bucket拥有者的阿里云账号ID',
'region': 'Bucket所在地域',
'client_ip': '发起请求的IP地址，例如客户端IP地址、网络防火墙或者Proxy的IP地址。',
'user_agent': 'HTTP的User-Agent头',
'bucket': 'Bucket名称',
'error_code': 'OSS返回的错误码。更多信息，请参见同步请求类型。',
'request_length': '请求Body大小，包括header，单位：Byte。',
'response_body_length': '响应Body大小，不包括header。',
'object': 'OSS Object，URL编码。查询时，您可使用select url_decode(object)解码。',
'object_size': '请求对象的大 小，单位：Byte。',
'operation': '访问类型。更多信息，请参见访问类型。',
'bucket_location': 'Bucket所在集群',
'http_method': 'HTTP请求方法',
'referer': '请求的HTTP Referer',
'request_id': '请求ID',
'http_status': 'OSS请求返回的HTTP状态。',
'sync_request': '同步请求类型。更多信息，请参见同步请求类型。',
'request_uri': '请求URI，包括query-string，路径是URL编码。查询时，您可使用select url_decode(request_uri)解码。',
'host': '请求访问域名',
'logging_flag': '是否开启了日志定期导出到OSS Bucket的功能。',
'server_cost_time': 'OSS服务器处理时间，单位：毫秒。',
'requester_id': '请求者的阿里云账号ID，匿名访问为短划线（-）。',
'delta_data_size': 'OSS Object大小的变化量。如果没有变化则为0；如果不是上传请求，则为短划线（-）。'}"
oss_metering_log,对象存储OSS每小时计量日志,"{'__topic__': '日志主题，固定为oss_metering_log。',
'owner_id': 'Bucket拥有者的阿里云账号ID',
'bucket': 'Bucket名称',
'cdn_in': 'CDN流入量，单位：Byte。',
'cdn_out': 'CDN流出量，单位：Byte。',
'get_request': 'GET请求次数',
'intranet_in': '内网流入量，单位：Byte。',
'intranet_out': '内网流出量，单位：Byte。',
'network_in': '外网流入量，单位：Byte。',
'network_out': '外网流出量，单位：Byte。',
'put_request': 'PUT请求次数',
'storage_type': 'Bucket存储类型。更多信息，请参见存储类型。',
'storage': 'Bucket存储量，单位：Byte。',
'metering_datasize': '非标准存储的计量数据大小',
'process_img_size': '处理的图像大小，单位：Byte。',
'process_img': '处理的图像',
'sync_in': '同步流入量，单位：Byte。',
'sync_out': '同步流出量，单位：Byte。',
'start_time': '计量开始时间戳，单位：秒。',
'end_time': '计量截止时间戳，单位：秒。',
'region': 'Bucket所在地域'}"
rds_audit_log,云数据库RDS SQL审计日志,"{'__topic__': '日志主题，固定为rds_audit_log。',
'owner_id': '阿里云账号ID',
'region': 'RDS实例所在地域',
'instance_name': 'RDS实例名',
'instance_id': 'RDS实例ID',
'db_type': '数据库类型',
'db_version': '数据库引擎版本',
'check_rows': '扫描的行数',
'db': '数据库名',
'fail': 'SQL执行是否出错。其中，0表示成功，除0之外的其他值都表示失败。',
'client_ip': '访问RDS实例的客户端IP地址',
'threat_client_ip': '访问RDS实例的客户端IP地址的威胁情报。更多信息，请参见威胁情报字段。',
'latency': '执行SQL操作后，多久返回结果，单位：微秒。',
'origin_time': '执行操作的时间点',
'return_rows': '返回的行数',
'sql': '执行的SQL语句',
'thread_id': '线程ID',
'user': '执行SQL的用户名',
'update_rows': '更新行数',
'hash': '哈希值'}"
rds_slow_log,云数据库RDS SQLRDS MySQL慢日志,"{'__topic__': '日志主题。RDS MySQL慢日志的主题为rds_slow_log。RDS PostgreSQL慢日志的主题为rds_slow_log_pg。',
'owner_id': '阿里云账号ID',
'region': 'RDS实例所在地域',
'instance_name': 'RDS实例名',
'instance_id': 'RDS实例ID',
'db_type': 'RDS实例类型',
'db_version': 'RDS实例版本号',
'db_name': '数据库名',
'rows_examined': '扫描的行数',
'rows_sent': '返回的行数',
'start_time': '开始执行的时间',
'query_time': '执行的耗时，单位：秒。',
'lock_time': '锁等待的耗时，单位：秒。',
'user_host': '客户端信息',
'query_sql': '慢日志SQL语句'}"
rds_slow_log_pg,云数据库RDS SQLRDS PostgreSQL慢日志,"{'__topic__': '日志主题。RDS MySQL慢日志的主题为rds_slow_log。RDS PostgreSQL慢日志的主题为rds_slow_log_pg。',
'owner_id': '阿里云账号ID',
'region': 'RDS实例所在地域',
'instance_name': 'RDS实例名',
'instance_id': 'RDS实例ID',
'db_type': 'RDS实例类型',
'db_version': 'RDS实例版本号',
'db_name': '数据库名',
'rows_examined': '扫描的行数',
'rows_sent': '返回的行数',
'start_time': '开始执行的时间',
'query_time': '执行的耗时，单位：秒。',
'lock_time': '锁等待的耗时，单位：秒。',
'user_host': '客户端信息',
'query_sql': '慢日志SQL语句'}"
mysql_perf,云数据库RDS SQL性能日志,"{'mysql_perf_active_session': '活跃连接数，单位：个。',
'mysql_perf_com_delete': '平均每秒Delete语句执行次数',
'mysql_perf_com_insert': '平均每秒Insert语句执行次数',
'mysql_perf_com_insert_select': '平均每秒Insert Select语句执行次数',
'mysql_perf_com_replace': '平均每秒Replace语句执行次数',
'mysql_perf_com_replace_select': '平均每秒Replace Select语句执行次数',
'mysql_perf_com_select': '平均每秒Select语句执行次数',
'mysql_perf_com_update': '平均每秒Update语句执行次数',
'mysql_perf_conn_usage': 'RDS实例连接使用率，单位：百分比。',
'mysql_perf_cpu_usage': 'RDS实例CPU使用率，单位：百分比。',
'mysql_perf_data_size': 'RDS实例的数据空间使用量，单位：MB。',
'mysql_perf_disk_usage': 'RDS实例磁盘使用率，单位：百分比。',
'mysql_perf_ibuf_dirty_ratio': '缓冲池脏块的百分率，单位：百分比。',
'mysql_perf_ibuf_read_hit': '缓冲池的读命中率',
'mysql_perf_ibuf_request_r': '平均每秒钟从InnoDB缓冲池的读次数',
'mysql_perf_ibuf_request_w': '平均每秒钟向InnoDB缓冲池的写次数',
'mysql_perf_ibuf_use_ratio': '缓冲池的利用率，单位：百分比。',
'mysql_perf_inno_data_read': 'InnoDB平均每秒钟读取的数据量，单位：KB。',
'mysql_perf_inno_data_written': 'InnoDB平均每秒钟写入的数据量，单位：KB。',
'mysql_perf_inno_row_delete': '平均每秒从InnoDB表删除的行数',
'mysql_perf_inno_row_insert': '平均每秒从InnoDB表插入的行数',
'mysql_perf_inno_row_readed': '平均每秒从InnoDB表读取的行数',
'mysql_perf_inno_row_update': '平均每秒从InnoDB表更新的行数',
'mysql_perf_innodb_log_write_requests': '平均每秒日志写请求数',
'mysql_perf_innodb_log_writes': '平均每秒向日志文件的物理写次数',
'mysql_perf_innodb_os_log_fsyncs': '平均每秒向日志文件完成的fsync()写数量',
'mysql_perf_ins_size': 'RDS实例磁盘使用量，单位：MB。',
'mysql_perf_iops': 'IOPS，单位：次/秒。',
'mysql_perf_iops_usage': 'RDS实例IOPS使用率，单位：百分比。',
'mysql_perf_kbytes_received': '平均每秒钟的输入流量，单位：KB。',
'mysql_perf_kbytes_sent': '平均每秒钟的输出流量，单位：KB。',
'mysql_perf_log_size': 'Binlog占用的数据空间，单位：MB。',
'mysql_perf_mem_usage': 'RDS实例内存使用率，单位：百分比。',
'mysql_perf_open_tables': '当前打开表数量',
'mysql_perf_other_size': 'RDS实例其他空间使用量，单位：MB。',
'mysql_perf_qps': '平均每秒SQL语句执行次数',
'mysql_perf_slow_queries': '平均每秒慢查询数量',
'mysql_perf_tb_tmp_disk': 'MySQL执行语句时每秒在磁盘上自动创建的临时表的数量',
'mysql_perf_threads_connected': 'MySQL线程连接数',
'mysql_perf_threads_running': 'MySQL活跃线程',
'mysql_perf_tmp_size': 'RDS实例临时空间使用量，单位：MB。',
'mysql_perf_total_session': '总连接数，单位：个。',
'mysql_perf_tps': '平均每秒事务数'}"
rds_error_log_pg,云数据库RDS PostgreSQL错误日志,"{'__topic__': '日志主题。RDS MySQL错误日志的主题为rds_error_log。RDS PostgreSQL错误日志的主题为rds_error_log_pg。',
'collect_time': '采集时间',
'content': '日志内容',
'db_type': 'RDS实例类型',
'db_version': 'RDS实例版本号',
'event_type': '事件类型',
'instance_id': 'RDS实例ID',
'instance_name': 'RDS实例名',
'region': 'RDS实例所属地域',
'db_name': '数据库名',
'file': '失败信息',
'port': '数据库端口号',
'user': '用户',
'user_ip': '用户IP地址',
'user_port': '用户端口号'}"
rds_error_log,云数据库RDS MySQL错误日志,"{'__topic__': '日志主题。RDS MySQL错误日志的主题为rds_error_log。RDS PostgreSQL错误日志的主题为rds_error_log_pg。',
'collect_time': '采集时间',
'content': '日志内容',
'db_type': 'RDS实例类型',
'db_version': 'RDS实例版本号',
'event_type': '事件类型',
'instance_id': 'RDS实例ID',
'instance_name': 'RDS实例名',
'region': 'RDS实例所属地域',
'db_name': '数据库名',
'file': '失败信息',
'port': '数据库端口号',
'user': '用户',
'user_ip': '用户IP地址',
'user_port': '用户端口号'}"
polardb_audit_log,PolarDB云原生数据库审计日志,"{'__topic__': '日志主题，固定为polardb_audit_log。',
'owner_id': '阿里云账号ID',
'region': 'PolarDB MySQL集群所在地域',
'cluster_id': 'PolarDB MySQL集群ID',
'node_id': 'PolarDB MySQL节点ID',
'check_rows': '扫描的行数',
'db': '数据库名称',
'fail': 'SQL执行是否失败。其中，0表示成功，除0之外的其他值都表示失败。',
'client_ip': '访问PolarDB MySQL集群的客户端IP地址',
'threat_client_ip': '访问PolarDB MySQL集群的客户端IP地址的威胁情报。更多信息，请参见威胁情报字段。',
'latency': '执行SQL操作后，多久返回结果，单位：微秒。',
'origin_time': '执行操作的时间',
'return_rows': '返回的行数',
'sql': '执行的SQL语句',
'thread_id': '线程ID',
'user': '执行SQL的用户名',
'update_rows': '更新行数',
'db_version': 'PolarDB数据库版本号'}"
polardb_slow_log,PolarDB云原生数据库慢日志,"{'__topic__': '日志主题，固定为polardb_slow_log。',
'owner_id': '阿里云账号ID',
'region': 'PolarDB MySQL集群所在地域',
'cluster_id': 'PolarDB MySQL集群ID',
'node_id': 'PolarDB MySQL节点ID',
'db_type': 'PolarDB数据库类型',
'db_name': 'PolarDB数据库名',
'version': 'PolarDB数据库版本号',
'rows_examined': '扫描的行数',
'rows_sent': '返回的行数',
'start_time': '开始执行的时间',
'query_time': '执行的耗时，单位：秒。',
'lock_time': '锁等待的耗时，单位：秒。',
'user_host': '客户端信息',
'query_sql': '慢日志SQL语句'}"
polardb_error_log,PolarDB云原生数据库错误日志,"{'__topic__': '日志主题，固定为polardb_error_log。',
'collect_time': '采集时间',
'content': '日志内容',
'type_role': 'PolarDB实例类型',
'event_type': '事件类型',
'instance_id': 'PolarDB实例ID',
'region': 'PolarDB实例所属地域',
'db_version': 'PolarDB实例版本号'}"
mysql_perf,PolarDB云原生数据库性能日志,"{'mysql_perf_active_session': '每秒活跃连接数',
'mysql_perf_binlog_size': '本地Binlog使用量，单位：MB。',
'mysql_perf_com_delete': '每秒DELETE语句执行次数',
'mysql_perf_com_delete_multi': '每秒Multi-DELETE语句执行次数',
'mysql_perf_com_insert': '每秒INSERT语句执行次数',
'mysql_perf_com_insert_select': '每秒INSERT-SELECT语句执行次数',
'mysql_perf_com_replace': '每秒REPLACE语句执行次数',
'mysql_perf_com_replace_select': '每秒REPLACE-SELECT语句执行次数',
'mysql_perf_com_select': '每秒SELECT语句执行次数',
'mysql_perf_com_update': '每秒UPDATE语句执行次数',
'mysql_perf_com_update_multi': '每秒Multi-UPDATE语句执行次数',
'mysql_perf_cpu_ratio': 'CPU使用率，单位：百分比。',
'mysql_perf_created_tmp_disk_tables': '每秒创建临时表个数',
'mysql_perf_data_size': '数据空间使用量，单位：MB。',
'mysql_perf_innodb_buffer_dirty_ratio': '缓冲池脏块率，单位：百分比。',
'mysql_perf_innodb_buffer_read_hit': '缓冲池读命中率，单位：百分比。',
'mysql_perf_innodb_buffer_use_ratio': '缓冲池使用率，单位：百分比。',
'mysql_perf_innodb_data_read': '每秒从存储引擎读取数据量，单位：Byte。',
'mysql_perf_innodb_data_reads': '每秒缓冲池读取次数',
'mysql_perf_innodb_data_writes': '每秒缓冲池写次数',
'mysql_perf_innodb_data_written': '每秒往存储引擎写入数据量，单位：Byte。',
'mysql_perf_innodb_log_write_requests': '每秒日志写请求数',
'mysql_perf_innodb_os_log_fsyncs': '每秒向日志文件完成的fsync()写数量',
'mysql_perf_innodb_rows_deleted': '每秒删除的行数',
'mysql_perf_innodb_rows_inserted': '每秒插入的行数',
'mysql_perf_innodb_rows_read': '每秒读取的行数',
'mysql_perf_iops': '每秒IOPS',
'mysql_perf_iops_r': '每秒读IOPS',
'mysql_perf_iops_throughput': '每秒总IO吞吐量，单位：MB。',
'mysql_perf_iops_throughput_r': '每秒读IO吞吐量，单位：MB。',
'mysql_perf_iops_throughput_w': '每秒写IO吞吐量，单位：MB。',
'mysql_perf_iops_w': '每秒写IOPS',
'mysql_perf_kbytes_received': '每秒输入流量，单位：KB。',
'mysql_perf_kbytes_sent': '每秒输出流量，单位：KB。',
'mysql_perf_mem_ratio': '内存使用率，单位：百分比。',
'mysql_perf_mps': '每秒数据操作数',
'mysql_perf_other_log_size': '其他日志使用量，单位：MB。',
'mysql_perf_qps': '每秒请求数',
'mysql_perf_redolog_size': '本地Redolog使用量，单位：MB。',
'mysql_perf_slow_queries': '平均每秒慢查询数量',
'mysql_perf_sys_dir_size': '系统空间使用量，单位：MB。',
'mysql_perf_tmp_dir_size': '临时空间使用量，单位：MB。',
'mysql_perf_total_session': '当前平均总连接数',
'mysql_perf_tps': '每秒事务数'}"
drds_audit_log,分布式关系型数据库PolarDB-X 1.0 SQL审计日志,"{'__topic__': '日志主题，固定为drds_audit_log。',
'instance_id': 'PolarDB-X 1.0实例ID',
'instance_name': 'PolarDB-X 1.0实例名',
'owner_id': '阿里云账户ID',
'region': 'PolarDB-X 1.0实例所在地域',
'db_name': 'PolarDB-X 1.0数据库名',
'user': '执行SQL的用户名',
'client_ip': '访问PolarDB-X 1.0实例的客户端IP地址',
'threat_client_ip': '访问PolarDB-X 1.0实例的客户端IP地址的威胁情报。更多信息，请参见威胁情报字段。',
'client_port': '访问PolarDB-X 1.0实例的客户端端口',
'sql': '执行的SQL语句',
'trace_id': 'SQL执行的TRACE ID。如果是事务，则显示为跟踪ID、短划线（-）和数字，例如drdsabcdxyz-1。',
'sql_code': '模板SQL的HASH值',
'hint': 'SQL执行的HINT',
'table_name': '查询涉及的表名。多表之间以半角逗号（,）分隔。',
'sql_type': 'SQL类型。包括Select、Insert、Update、Delete、Set、Alter、Create、Drop、Truncate、Replace和Other。',
'sql_type_detail': 'SQL解析器名称',
'response_time': '响应时间，单位：毫秒。',
'affect_rows': 'SQL执行返回的行数。增删改时表示影响的行数，查询语句表示返回的行数。',
'fail': 'SQL执行是否失败。其中，0表示成功，除0之外的其他值都表示失败。',
'sql_time':'SQL开始执行的时间'}"
slb_layer7_access_log,负载均衡七层访问日志,"{'__topic__': '日志主题，固定为slb_layer7_access_log。',
'owner_id': '阿里云账号ID',
'region': '实例所在地域',
'instance_id': '实例ID',
'instance_name': '实例名',
'network_type': '网络类型，包括：',
'VPC：专有网络': 'Classic：经典网络',
'vpc_id': 'VPC ID',
'body_bytes_sent': '发送给客户端的Body字节数',
'client_ip': '客户端IP地址',
'threat_client_ip': '客户端IP地址的威胁情报。更多信息，请参见威胁情报字段。',
'client_port': '客户端端口',
'host': '优先从请求参数中获取host。如果获取不到，则从host header中取值。如果还是获取不到，则以处理请求的后端服务器IP地址作为host。',
'http_host': '请求报文host header的内容',
'http_referer': 'Proxy收到的请求报文中HTTP referer header的内容',
'http_user_agent': 'Proxy收到的请求报文中HTTP user-agent的内容',
'http_x_forwarded_for': 'Proxy收到的请求报文中HTTP x-forwarded-for header的内容',
'http_x_real_ip': '真实的客户端IP地址',
'read_request_time': 'Proxy读取请求的时间，单位：毫秒。',
'request_length': '请求报文的长度，包括startline、HTTP header和HTTP Body。',
'request_method': '请求方法',
'request_time': 'Proxy收到第一个请求报文的时间到proxy返回应答之间的间隔时间，单位：秒。',
'request_uri': 'Proxy收到的请求报文的URI',
'scheme': '请求的Scheme',
'server_protocol': 'Proxy收到的HTTP协议的版本',
'slb_vport': 'SLB的监听端口',
'slbid': 'SLB实例ID',
'ssl_cipher': '使用的cipher',
'ssl_protocol': '建立SSL连接所使用的协议',
'status': 'Proxy应答报文的状态',
'tcpinfo_rtt': '客户端的tcp rtt时间，单位：微秒。',
'time': '日志记录时间',
'upstream_addr': '后端服务器的IP地址和端口',
'upstream_response_time': '从SLB向后端建立连接开始到接受完数据然后关闭连接为止的时间，单位：秒。',
'upstream_status': 'Proxy收到的后端服务器的响应状态码',
'vip_addr': 'VIP地址',
'write_response_time': 'Proxy写的响应时间，单位：毫秒。'}"
alb_layer7_access_log,应用型负载均衡七层访问日志,"{'__topic__': '日志主题，固定为alb_layer7_access_log。',
'body_bytes_sent': '发送给客户端的HTTP Body字节数。',
'client_ip': '请求客户端IP地址。',
'host': '域名或IP地址。优先从请求参数中获取host，如果获取不到则从host header取值，如果还是获取不到则以处理请求的后端服务器IP地址作为host。',
'http_host': '请求报文host header的内容。',
'http_referer': 'URL跳转来源。',
'http_user_agent': '客户端浏览器等信息。',
'http_x_forwarded_for': '经过HTTP代理后的客户端IP地址。',
'http_x_real_ip': '真实的客户端IP地址。',
'read_request_time': 'Proxy读取请求的时间，单位：毫秒。',
'request_length': '请求的长度，包括请求行、请求头和请求正文。',
'request_method': '请求方法。',
'request_time': 'Proxy收到第一个请求报文的时间到Proxy返回应答之间的间隔时间，单位：秒。',
'request_uri': 'Proxy收到的请求报文的URI。',
'scheme': '请求的schema，包括HTTP、HTTPS。',
'server_protocol': 'Proxy收到的HTTP协议的版本，例如HTTP/1.0或HTTP/1.1。',
'slb_vport': '负载均衡的监听端口。',
'app_lb_id': 'ALB负载均衡实例ID。',
'ssl_cipher': '建立SSL连接使用的密码，例如ECDHE-RSA-AES128-GCM-SHA256等。',
'ssl_protocol': '建立SSL连接使用的协议，例如TLSv1.2。',
'status': 'Proxy应答报文的状态。',
'tcpinfo_rtt': '客户端TCP连接时间，单位：微秒。',
'time': '日志记录时间。',
'upstream_addr': '后端服务器的IP地址和端口。',
'upstream_response_time': '从负载均衡向后端建立连接开始到接受完数据然后关闭连接为止的时间，单位：秒。',
'upstream_status': 'Proxy收到的后端服务器的响应状态码。',
'vip_addr': '虚拟IP地址。',
'write_response_time': 'Proxy收到后端的请求后，把这个请求发送给客户端的时间。单位：毫秒。',
'owner_id': 'ALB实例所属的Owner ID。',
'region': 'ALB实例所在地域。',
'instance_name': 'ALB实例名。',
'address_type': '地址类型，包括阿里云内网（Intranet）和公网（Internet）。',
'vpc_id': 'ALB实例所属的专有网络VPC ID。'}"
flow_log,VPC流日志,"{'__topic__': '日志主题，固定为flow_log。',
'version': '流日志版本',
'vswitch-id': '弹性网卡所在交换机ID',
'vm-id': '弹性网卡绑定的云服务器ID',
'vpc-id': '弹性网卡所在专有网络ID',
'account-id': '账号ID',
'eni-id': '弹性网卡ID',
'region': 'VPC地域',
'srcaddr': '源地址',
'srcport': '源端口',
'dstaddr': '目的地址',
'dstport': '目的端口',
'protocol': '流量的IANA协议编号。更多信息，请参见 Internet协议编号。',
'direction': '流量方向，包括：in：入方向流量；out：出方向流量',
'packets': '数据包数量',
'bytes': '数据包大小',
'start': '捕捉窗口开始时间',
'end': '捕捉窗口结束时间',
'log-status': '流日志的日志记录状态，包括：OK：数据记录正常。NODATA：捕获窗口中没有传入或传出网络接口的网络流量。SKIPDATA：捕获窗口中跳过了一些流日志记录。',
'action': '与流量关联的操作，包括：ACCEPT：安全组允许记录的流量。REJECT：安全组未允许记录的流量。',
'tcp-flags': '部分TCP的标志位和对应的掩码值如下：SYN：2；SYN,ACK：18；RST：4；PSH：8；URG：32；FIN：1关于TCP标志通用信息（例如SYN、FIN、ACK、RST等标志的含义），请参见RFC: 793。',
'rafficPath': '流量的采样路径：all：采集所有流量。ipv4Gateway：通过IPv4网关访问公网的流量。natGateway：通过NAT网关的流量。vpnGateway：通过VPN网关的流量。gatewayEndpoint：通过网关终端节点访问云服务的流量。transitRouter：通过转发路由器（TR）的流量。virtualBorderRouter：通过边界路由器（VBR）访问专线的流量。'}"
bastionhost,堡垒机操作日志,"{'__topic__': '日志主题，固定为bastionhost。',
'owner_id': '阿里云账号ID。',
'region': '堡垒机实例所在地域。',
'content': '字符命令、文件传输等操作的内容。',
'event_type': '事件类型。包括：cmd.Command：命令字符。cmd.Command.policy：被控制策略处理过的命令。graph.Text：图形文字。graph.Keyboard：图形键盘事件。file.Upload：上传文件。file.Download：下载文件。file.Rename：重命名文件。file.Delete：删除文件。file.DeleteDir：删除目录。file.CreateDir：创建目录。login.CSLogin：用户CS登录。Session.session：一个会话。',
'instance_id': '堡垒机实例ID。',
'resource_address': '运维的资产IP地址。',
'resource_name': '运维的资产名称。',
'result': '字符命令、文件传输等操作的结果。',
'session_id': '会话ID，会话唯一标识。',
'user_client_ip': '用户来源IP地址，即用户访问堡垒机使用的IP。',
'threat_user_client_ip': '用户来源IP地址的威胁情报（非堡垒机原始日志信息）。',
'user_id': '堡垒机用户ID，即用户唯一标识。',
'user_name': '堡垒机用户名称。'}"
waf_access_log,Web应用防火墙访问日志,"{'__topic__': '日志主题，固定为waf_access_log。',
'owner_id': '阿里云账号ID。',
'account_action': '客户端请求命中的账户安全规则对应的防护动作。取值仅有block，表示拦截。更多信息，请参见WAF防护动作（action）说明。',
'account_rule_id': '客户端请求命中的账户安全规则的ID。',
'account_test': '客户端请求命中的账户安全规则对应的防护模式。取值：true：观察模式，即仅记录日志，不触发拦截等防护动作。false：防护模式，WAF对命中防护规则的请求执行拦截等防护动作。',
'acl_action': '客户端请求命中的IP地址黑名单、自定义防护策略（ACL访问控制）规则对应的防护动作。取值为block、captcha_strict、captcha、js、captcha_strict_pass、captcha_pass、js_pass。更多信息，请参见WAF防护动作（action）说明。',
'acl_rule_id': '客户端请求命中的IP地址黑名单、自定义防护策略（ACL访问控制）规则的ID。',
'acl_rule_type': '客户端请求命中的IP地址黑名单、自定义防护策略（ACL访问控制）规则的类型。取值：custom：自定义防护策略（ACL访问控制）规则。blacklist：IP地址黑名单规则。',
'acl_test': '客户端请求命中的IP地址黑名单、自定义防护策略（ACL访问控制）规则对应的防护模式。取值：true：观察模式，即仅记录日志，不触发拦截等防护动作。false：防护模式，WAF对命中防护规则的请求执行拦截等防护动作。',
'algorithm_rule_id': '客户端请求命中的典型爬虫行为识别规则的ID。',
'antiscan_action': '客户端请求命中的扫描防护规则对应的防护动作。取值仅有block，表示拦截。更多信息，请参见WAF防护动作（action）说明。',
'antiscan_rule_id': '客户端请求命中的扫描防护规则的ID。',
'antiscan_rule_type': '客户端请求命中的扫描防护规则的类型。取值：highfreq：高频Web攻击封禁规则。dirscan：目录遍历防护规则。scantools：扫描工具封禁规则。collaborative：协同防御规则。',
'antiscan_test': '客户端请求命中的扫描防护规则对应的防护模式。取值：true：观察模式，即仅记录日志，不触发拦截等防护动作。false：防护模式，WAF对命中防护规则的请求执行拦截等防护动作。',
'block_action': '触发了拦截动作的WAF防护类型。详细说明如下：tmd：CC攻击防护。waf：Web应用攻击防护。acl：精准访问控制。deeplearning：深度学习引擎。antiscan：扫描防护。antifraud：数据风控。antibot：防爬封禁。',
'body_bytes_sent': '客户端请求体的字节数。',
'bypass_matched_ids': '客户端请求命中的WAF放行类规则的ID，具体包括白名单规则、设置了放行动作的自定义防护策略规则。如果请求同时命中了多条放行类规则，该字段会记录所有命中的规则ID。多个规则ID间使用半角逗号（,）分隔。',
'cc_action': '客户端请求命中的CC安全防护、自定义防护策略（CC攻击防护）规则对应的防护动作。取值为block、captcha、js、captcha_pass和js_pass。更多信息，请参见WAF防护动作（action）说明。',
'cc_blocks': '是否被CC防护功能拦截。取值：1表示拦截。其他值均表示通过。',
'cc_rule_id': '客户端请求命中的CC安全防护、自定义防护策略（CC攻击防护）规则的ID。',
'cc_rule_type': '客户端请求命中的CC安全防护、自定义防护策略（CC攻击防护）规则的类型。取值：custom：自定义防护策略（CC攻击防护）规则。system：CC安全防护规则。',
'cc_test': '客户端请求命中的CC安全防护、自定义防护策略（CC攻击防护）规则对应的防护模式。取值：true：观察模式，即仅记录日志，不触发拦截等防护动作。false：防护模式，WAF对命中防护规则的请求执行拦截等防护动作。',
'content_type': '被请求的内容类型。',
'deeplearning_action': '客户端请求命中的深度学习引擎规则对应的防护动作。取值仅有block，表示拦截。更多信息，请参见WAF防护动作（action）说明。',
'deeplearning_rule_id': '客户端请求命中的深度学习引擎规则的ID。',
'deeplearning_rule_type': '客户端请求命中的深度学习引擎规则的类型。取值：xss：跨站脚本防护规则。code_exec：代码执行防护规则。webshell：webshell防护规则。sqli：SQL注入防护规则。lfilei：本地文件包含防护规则。rfilei：远程文件包含防护规则。crlf：CRLF注入防护规则。other：其他防护规则。',
'deeplearning_test': '客户端请求命中的深度学习引擎规则对应的防护模式。取值：true：观察模式，即仅记录日志，不触发拦截等防护动作。false：防护模式，WAF对命中防护规则的请求执行拦截等防护动作。',
'dlp_rule_id': '客户端请求命中的防敏感信息泄露规则的ID。',
'dlp_test': '客户端请求命中的防敏感信息泄露规则对应的防护模式。取值：true：观察模式，即仅记录日志，不触发拦截等防护动作。false：防护模式，WAF对命中防护规则的请求执行拦截等防护动作。',
'final_rule_type': 'WAF对客户端请求最终应用的防防护规则（final_rule_id）的子类型。例如，在final_plugin:waf类型下有final_rule_type:sqli、final_rule_type:xss等细分的规则类型。',
'final_rule_id': 'WAF对客户端请求最终应用的防护规则的ID，即final_action对应的防护规则的ID。',
'final_action': 'WAF对客户端请求最终执行的防护动作。取值为block、captcha_strict、captcha和js。更多信息，请参见WAF防护动作（action）说明。如果一个请求未触发任何防护模块（包括命中了放行类规则、客户端完成滑块或JS验证后触发放行的情况），则不会记录该字段。如果一个请求同时触发了多个防护模块，则仅记录最终执行的防护动作。防护动作的优先级由高到低依次为：拦截（block） > 严格滑块验证（captcha_strict） > 普通滑块验证（captcha） > JS验证（js）。',
'final_plugin': 'WAF对客户端请求最终执行的防护动作（final_action）对应的防护模块。取值：waf：规则防护引擎。deeplearning：深度学习引擎。dlp：防敏感信息泄露。account：账户安全。normalized：主动防御。acl：IP地址黑名单、自定义防护策略（ACL访问控制）。cc：CC安全防护、自定义防护策略（CC攻击防护）。antiscan：扫描防护。scene：场景化配置。antifraud：数据风控。intelligence：爬虫威胁情报。algorithm：典型爬虫行为识别。wxbb：App防护。如果一个请求未触发任何防护模块（包括命中了放行类规则、客户端完成滑块或JS验证后触发放行的情况），则不会记录该字段。如果一个请求同时触发了多个防护模块，则仅记录最终执行的防护动作（final_action）对应的防护模块。',
'host': '客户端请求头部的Host字段，表示被访问的域名（基于您的业务设置，也可能是IP地址）。',
'http_cookie': '客户端请求头部的Cookie字段，表示访问来源客户端的Cookie信息。',
'http_referer': '客户端请求头部的Referer字段，表示请求的来源URL信息。如果请求无来源URL信息，则该字段显示短划线（-）。',
'http_user_agent': '客户端请求头部的User-Agent字段，包含请求来源的客户端浏览器标识、操作系统标识等信息。',
'http_x_forwarded_for': '客户端请求头部的X-Forwarded-For（XFF）字段，用于识别通过HTTP代理或负载均衡方式连接到Web服务器的客户端最原始的IP地址。',
'https': '访问请求是否为HTTPS请求，取值：true：HTTPS请求。false：HTTP请求。',
'matched_host': '匹配到的已接入WAF防护配置的域名，可能是泛域名。如果无法匹配到相关域名配置，则显示短划线（-）。如果值为default，表示开启透明接入后产生的流量，命中了透明WAF的默认防护。',
'normalized_action': '客户端请求命中的主动防御规则对应的防护动作。取值为block和continue。更多信息，请参见WAF防护动作（action）说明。',
'normalized_rule_id': '客户端请求命中的主动防御规则的ID。',
'normalized_rule_type': '客户端请求命中的主动防御规则的类型。取值：User-Agent：User-Agent基线规则（即请求头的User-Agent字段不在基线范围。其他规则类型的含义与此类似）。Referer：Referer基线规则。URL：URL基线规则。Cookie：Cookie基线规则。Body：Body基线规则。',
'normalized_test': '客户端请求命中的主动防御规则对应的防护模式。取值：true：观察模式，即仅记录日志，不触发拦截等防护动作。false：防护模式，WAF对命中防护规则的请求执行拦截等防护动作。',
'querystring': '客户端请求中的查询字符串，具体指被请求URL中问号（?）后面的部分。',
'real_client_ip': 'WAF对客户端请求进行分析后，判定发起该请求的真实客户端IP地址，便于您在业务中直接使用。WAF无法判定真实客户端IP地址时（例如，由于用户通过代理服务器访问、请求头中IP字段有误等），该字段显示短划线（-）。',
'threat_real_client_ip': '访问客户端的真实IP地址的威胁情报。更多信息，请参见威胁情报字段。',
'region': 'WAF实例的地域ID。取值：cn：中国内地。int：海外地区。',
'remote_addr': '与WAF建立连接的IP地址。如果WAF与客户端直接连接，该字段等同于客户端IP；如果WAF前面还有其他七层代理（例如，CDN），该字段表示上一级代理的IP地址。',
'remote_port': '与WAF建立连接的端口。如果WAF与客户端直接连接，该字段等同于客户端端口；如果WAF前面还有其他七层代理（例如，CDN），该字段表示上一级代理的端口。',
'request_length': '客户端请求的字节数，包含请求行、请求头和请求体。单位：字节。',
'request_method': '客户端请求的请求方法。',
'request_path': '被请求的相对路径，具体指被请求URL中域名后面且问号（?）前面的部分（不包含查询字符串）。',
'request_time_msec': 'WAF处理客户端请求所用的时间。单位：毫秒。',
'request_traceid': 'WAF为客户端请求生成的唯一标识。',
'scene_action': '客户端请求命中的场景化配置规则对应的防护动作。取值为block、captcha、js、captcha_pass和js_pass。更多信息，请参见WAF防护动作（action）说明。',
'scene_id': '客户端请求命中的场景化配置规则对应的场景ID。',
'scene_rule_id': '客户端请求命中的场景化配置规则的ID。',
'scene_rule_type': '客户端请求命中的场景化配置规则的类型。取值：bot_aialgo：AI智能防护规则。js：简单脚本过滤规则。intelligence：爬虫威胁情报库匹配、IDC黑名单封禁规则。sdk：App（已集成SDK）签名异常、设备特征异常规则。cc：IP限速、自定义会话限速规则。',
'scene_test': '客户端请求命中的场景化配置规则对应的防护模式。取值：true：观察模式，即仅记录日志，不触发拦截等防护动作。false：防护模式，WAF对命中防护规则的请求执行拦截等防护动作。',
'server_port': '被请求的目的端口。',
'server_protocol': '源站服务器响应WAF回源请求的协议及版本号。',
'status': 'WAF响应客户端请求的HTTP状态码。',
'ssl_cipher': '客户端请求使用的加密套件。',
'ssl_protocol': '客户端请求使用的SSL/TLS协议和版本。',
'time': '客户端请求的发起时间。',
'ua_browser': '发起请求的浏览器的名称。',
'ua_browser_family': '发起请求的浏览器所属系列。',
'ua_browser_type': '发起请求的浏览器的类型。',
'ua_browser_version': '发起请求的浏览器的版本。',
'ua_device_type': '发起请求的客户端的设备类型。',
'ua_os': '发起请求的客户端的操作系统类型。',
'ua_os_family': '发起请求的客户端所属的操作系统系列。',
'upstream_addr': 'WAF使用的回源地址列表，格式为IP:Port。多个地址之间以英文逗号（,）分隔。',
'upstream_response_time': '源站响应WAF请求的时间，单位：秒。如果返回短划线（-），表示响应超时。',
'upstream_status': '源站返回给WAF的响应状态。如果返回短划线（-），表示没有响应，例如该请求被WAF拦截。',
'user_id': '当前WAF实例所属的阿里云账号ID。',
'waf_action': '客户端请求命中的规则防护引擎规则对应的防护动作。取值仅有block，表示拦截。更多信息，请参见WAF防护动作（action）说明。',
'waf_test': '客户端请求命中的规则防护引擎规则对应的防护模式。取值：true：观察模式，即仅记录日志，不触发拦截等防护动作。false：防护模式，WAF对命中防护规则的请求执行拦截等防护动作。',
'waf_rule_id': '客户端请求命中的规则防护引擎规则的ID。',
'waf_rule_type': '客户端请求命中的规则防护引擎规则的类型。取值：xss：跨站脚本防护规则。code_exec：代码执行防护规则。webshell：webshell防护规则。sqli：SQL注入防护规则。lfilei：本地文件包含防护规则。rfilei：远程文件包含防护规则。crlf：CRLF注入防护规则。other：其他防护规则。'}"
cloudfirewall_access_log,云防火墙的互联网边界防火墙流量日志和VPC边界防火墙流量日志,"{'__time__': '在Logstore写入日志数据时的日志时间。',
'__topic__': '日志的主题。取值固定为cloudfirewall_access_log，表示云防火墙的流量日志。',
'acl_rule_id': '流量命中的访问控制策略ID。取值为00000000-0000-0000-0000-000000000000时，表示未命中任何访问控制策略。',
'aliuid': '阿里云账号ID。',
'app_dpi_state': '应用识别状态。取值：success：识别成功。policy_discard：已被策略拦截。tcp_not_establish：TCP建立失败。analysing：分析中。no_payload：尚未收到载荷。unknown_loose：宽松模式下未识别出结果。unknown_strict：严格模式下识别失败。none：无状态。',
'app_name': '流量的应用类型。取值：HTTPS、NTP、SIP、SMB、NFS、DNS、Unknown（协议为未知类型）等。',
'attack_type_name': '流量包含的攻击类型的中文名称。',
'attack_type_name_en': '流量包含的攻击类型的英文名称。',
'country_id': '国家或地区，取值采用ISO 3166-1国际标准中的两位字母代码。direction为in时，取值为发起流量的国家或地区。direction为out时，取值为流量目的地所在的国家或地区。',
'cloud_instance_id': '防护的资产实例ID。',
'direction': '流量的方向。取值：in：入方向，表示来自互联网的其他资源或内网中的其他ECS访问您的资产。out：出方向，表示您的资产主动访问互联网的其他资源或内网中的其他ECS。VPC边界防火墙无出入方向概念，direction字段默认取值out。',
'domain': '流量的目的域名。仅当流量为出方向且携带域名信息时，才会显示该字段的值。',
'dst_ip': '流量的目的IP。',
'dst_network_instance_id': '流量目的网络实例。',
'dst_port': '流量的目的端口。',
'dst_region': '流量目的地域。',
'end_time': '会话结束时间。使用Unix时间戳格式表示，单位：秒。',
'firewall_id': 'VPC防火墙实例ID。',
'in_bps': '入方向流量速率。单位：bit/s。',
'in_packet_bytes': '入方向流量大小。单位：Byte。',
'in_packet_count': '入方向流量包的数量。',
'in_pps': '入方向流量包平均每秒传输速率。单位：个/秒。传输速率小于1个/秒时，该字段显示0，不会显示小数位。',
'ip_protocol': 'IP协议类型。取值：tcp、udp、icmp、tcp',
'ips_ai_rule_id': '流量命中的智能推荐访问控制策略的ID。取值为00000000-0000-0000-0000-000000000000，表示未匹配或未命中任何智能推荐访问控制策略。',
'ips_rule_id': '流量命中的入侵防御规则的ID。取值为00000000-0000-0000-0000-000000000000，表示未匹配或未命中入侵防御规则。',
'ips_rule_name': '流量命中的入侵防御规则的中文名称。',
'ips_rule_name_en': '流量命中的入侵防御规则的英文名称。',
'log_type': '日志类型。取值：internet_log：互联网边界防火墙日志。vpc_firewall_log：VPC边界防火墙日志。nat_firewall_log：NAT边界防火墙日志。dns_firewall_log：DNS防火墙日志。ipv6_firewall_log：IPv6资产流量防护日志。',
'loose_allow_acl_id': '预匹配访问控制策略ID。取值：00000000-0000-0000-0000-000000000000：表示不存在未识别放行的流量。其他：表示存在未识别放行状态的流量，当前取值为未识别放行策略的ID。',
'new_conn': '是否新建连接。取值：1：是。0：否。',
'out_bps': '出方向流量速率。单位：bit/s。',
'out_packet_bytes': '出方向流量大小。单位：Byte。',
'out_packet_count': '出方向流量包的数量。',
'out_pps': '出方向流量包平均每秒传输速率。单位：个/秒。传输速率小于1个/秒时，该字段显示0，不会显示小数位。',
'region_id': '地域ID。不同地域ID的含义，请参见支持的地域。direction为in时，取值为发起流量的地域ID。direction为out时，取值为流量目的地所在的地域ID。',
'rule_result': '流量命中访问控制策略后的执行动作。取值：pass：放行。alert：观察。drop：拒绝。流量命中入侵防御事件的执行动作。取值：alert：告警提示。drop：拦截。alert',
'rule_source': '流量命中的策略来源。取值：basic_acl：访问控制。dns_acl_rule：DNS防火墙访问控制策略。intelligence：威胁情报。ips_basic_rule：基础防御。virtual_patch：虚拟补丁。unknown：未知。',
'src_ip': '流量的源IP。',
'src_network_instance_id': '流量源网络实例。',
'src_port': '流量的源端口，即发出流量数据的主机端口。',
'src_region': '流量源地域。',
'src_vpc_id': '流量源VPC的ID。',
'start_time': '会话开始时间。使用Unix时间戳格式表示，单位：秒。',
'start_time_min': '会话开始时间，分钟级别。使用Unix时间戳格式表示，单位：秒。',
'tcp_seq': 'TCP序列号。',
'total_bps': '出入方向的总传输速率。单位：bit/s。',
'total_packet_bytes': '出入方向的总流量大小。单位：byte。',
'total_packet_count': '出入方向的总流量包数量。',
'total_pps': '出入方向总流量包的平均每秒传输速率。单位：个/秒。传输速率小于1个/秒时，该字段显示0，不会显示小数位。',
'url': '服务器访问的互联网网站URL地址。仅当app_name取值为HTTP时，才会显示该字段的值。',
'vul_level': '恶意流量命中的漏洞风险等级。取值：0：未检测到漏洞利用流量。1：低危漏洞利用流量。2：中危漏洞利用流量。3：高危漏洞利用流量。'}"
ddoscoo_access_log,DDoS访问日志高防（新BGP）,"{'__topic__': '日志主题，固定为ddoscoo_access_log。',
'owner_id': '阿里云账号ID',
'body_bytes_sent': '请求Body的大小，单位：字节。',
'cc_action': 'CC防护策略行为，例如none、challenge、pass、close、captcha、wait、login等。',
'cc_phase': 'CC防护策略，包括seccookie、server_ip_blacklist、static_whitelist、server_header_blacklist、server_cookie_blacklist、server_args_blacklist、qps_overmax等。',
'cc_blocks': '是否被CC防护策略阻断。包括：1表示阻断。其他内容表示通过。',
'content_type': '内容类型',
'host': '源网站',
'http_cookie': '请求Cookie',
'http_referer': '请求Referer。如果HTTP Header中没有Referer，则显示为短划线（-）。',
'http_user_agent': '请求User Agent',
'http_x_forwarded_for': '通过代理跳转的上游用户的IP地址。',
'https': '该请求是否为HTTPS请求。取值如下：true：该请求是HTTPS请求。false：该请求是HTTP请求。',
'isp_line': '线路信息，例如BGP、电信、联通等。',
'matched_host': '匹配到的源站，可能是泛域名。如果未匹配，则显示为短划线（-）。',
'real_client_ip': '客户端的真实IP地址。如果获取不到，则显示为短划线（-）。',
'threat_real_client_ip': '客户端的真实IP地址的威胁情报。更多信息，请参见威胁情报字段。',
'remote_addr': '请求连接的客户端IP地址',
'remote_port': '请求连接的客户端端口号',
'request_length': '请求长度，单位：字节。',
'request_method': '请求的HTTP方法',
'request_time_msec': '请求时间，单位：毫秒。',
'request_uri': '请求路径',
'server_name': '匹配到的host名。如果未匹配，则显示为default。',
'status': 'HTTP状态',
'time': '时间',
'ua_browser': '浏览器',
'ua_browser_family': '浏览器系列',
'ua_browser_type': '浏览器类型',
'ua_device_type': '客户端设备类型',
'ua_os': '客户端操作系统',
'ua_os_family': '客户端操作系统系列',
'upstream_addr': '回源地址列表，格式为IP:Port。多个地址之间以英文逗号（,）分隔。',
'upstream_ip': '实际回源地址IP地址',
'upstream_response_time': '回源响应时间，单位：秒。',
'upstream_status': '回源请求HTTP状态'}"
ddosdip_access_log,DDoS访问日志高防（国际）,"{'__topic__': '日志主题，固定为ddosdip_access_log。',
'owner_id': '阿里云账号ID',
'body_bytes_sent': '请求Body的大小，单位：字节。',
'cc_action': 'CC防护策略行为，例如none、challenge、pass、close、captcha、wait、login等。',
'cc_phase': 'CC防护策略，包括seccookie、server_ip_blacklist、static_whitelist、server_header_blacklist、server_cookie_blacklist、server_args_blacklist、qps_overmax等。',
'cc_blocks': '是否被CC防护策略阻断。包括：1表示阻断。其他内容表示通过。',
'content_type': '内容类型',
'host': '源网站',
'http_cookie': '请求Cookie',
'http_referer': '请求Referer。如果HTTP Header中没有Referer，则显示为短划线（-）。',
'http_user_agent': '请求User Agent',
'http_x_forwarded_for': '通过代理跳转的上游用户的IP地址。',
'https': '该请求是否为HTTPS请求。取值如下：',
'true：该请求是HTTPS请求。': 'false：该请求是HTTP请求。',
'isp_line': '线路信息，例如BGP、电信、联通等。',
'matched_host': '匹配到的源站，可能是泛域名。如果未匹配，则显示为短划线（-）。',
'real_client_ip': '客户端的真实IP地址。如果获取不到，则显示为短划线（-）。',
'threat_real_client_ip': '客户端的真实IP地址的威胁情报。更多信息，请参见威胁情报字段。',
'remote_addr': '请求连接的客户端IP地址',
'remote_port': '请求连接的客户端端口号',
'request_length': '请求长度，单位：字节。',
'request_method': '请求的HTTP方法',
'request_time_msec': '请求时间，单位：毫秒。',
'request_uri': '请求路径',
'server_name': '匹配到的Host名。如果未匹配，则显示为default。',
'status': 'HTTP状态',
'time': '时间',
'ua_browser': '浏览器',
'ua_browser_family': '浏览器系列',
'ua_browser_type': '浏览器类型',
'ua_device_type': '客户端设备类型',
'ua_os': '客户端操作系统',
'ua_os_family': '客户端操作系统系列',
'upstream_addr': '回源地址列表，格式为IP:Port。多个地址之间以英文逗号（,）分隔。',
'upstream_ip': '实际回源地址IP地址',
'upstream_response_time': '回源响应时间，单位：秒。',
'upstream_status': '回源请求HTTP状态'}"
ddosbqp_access_log,DDoS访问日志原生,"{'__topic__': '日志主题，固定为ddosbqp_access_log。',
'data_type': '日志类型',
'event_type': '事件类型',
'ip': '事件发生的IP地址',
'subnet': '代播的网段',
'event_time': '事件发生时的时间，例如2020-01-01。',
'qps': '事件发生时的每秒查询率',
'pps_in': '事件发生时的入流量，单位：pps。',
'new_con': '事件发生时的新连接',
'kbps_in': '事件发生时的入流量，单位：bps。',
'instance_id': '实例ID',
'time': '日志时间，例如2020-07-17 10:00:30。',
'destination_ip': '目的IP地址',
'port': '目的端口',
'total_traffic_in_bps': '总入流量，单位：bps。',
'total_traffic_drop_bps': '总入流量的丢弃量，单位：bps。',
'total_traffic_in_pps': '总入流量，单位：pps。',
'total_traffic_drop_pps': '总入流量的丢弃量，单位：pps。',
'pps_types_in_tcp_pps': '按协议统计的tcp类型入流量，单位：pps。',
'pps_types_in_udp_pps': '按协议统计的udp类型入流量，单位：pps。',
'pps_types_in_icmp_pps': '按协议统计的icmp类型入流量，单位：pps。',
'pps_types_in_syn_pps': '按协议统计的syn类型入流量，单位：pps。',
'pps_types_in_ack_pps': '按协议统计的ack类型入流量，单位：pps。',
'user_id': '阿里云账号ID'}"
sas-log-dns,云安全中心网络DNS日志,"{'__topic__': '日志主题，固定为sas-log-dns。',
'owner_id': '阿里云账号ID',
'additional': 'additional字段，各个值之间以竖线（|）分隔。',
'additional_num': 'additional字段数量',
'answer': 'DNS回答信息，各个值之间以竖线（|）分隔。',
'answer_num': 'DNS回答信息数量',
'authority': 'authority字段',
'authority_num': 'authority字段数量',
'client_subnet': '客户端子网',
'dst_ip': '目标IP地址',
'threat_dst_ip': '目标IP地址的威胁情报。更多信息，请参见威胁情报字段。',
'dst_port': '目标端口',
'in_out': '数据的传输方向，包括：in：入方向。out：出方向。',
'qid': '查询ID',
'qname': '查询域名',
'threat_qname': '查询域名的威胁情报。更多信息，请参见威胁情报字段。',
'qtype': '查询类型',
'query_datetime': '查询时间戳，单位：毫秒。',
'rcode': '返回代码',
'region': '来源地域ID，包括：1：北京。2：青岛。3：杭州。4：上海。5：深圳。6：其它。',
'response_datetime': '返回时间',
'src_ip': '源IP地址',
'threat_src_ip': '源IP地址的威胁情报。更多信息，请参见威胁情报字段。',
'src_port': '源端口'}"
local-dns,云安全中心本地DNS日志,"{'__topic__': '日志主题，固定为local-dns。',
'owner_id': '阿里云账号ID',
'answer_rdata': 'DNS回答信息，各个值之间以竖线（|）分隔。',
'answer_ttl': 'DNS回答的时间周期，各个值之间以竖线（|）分隔。',
'answer_type': 'DNS回答的类型，各个值之间以竖线（|）分隔。',
'anwser_name': 'DNS回答的名称，各个值之间以竖线（|）分隔。',
'dest_ip': '目标IP地址',
'dest_port': '目标端口',
'group_id': '分组ID',
'hostname': '主机名',
'id': '查询ID',
'instance_id': '实例ID',
'internet_ip': '互联网IP地址',
'ip_ttl': 'IP地址的周期',
'query_name': '查询域名',
'threat_query_name': '查询域名的威胁情报。更多信息，请参见威胁情报字段。',
'query_type': '查询类型',
'src_ip': '源IP地址',
'threat_src_ip': '源IP地址的威胁情报。更多信息，请参见威胁情报字段。',
'src_port': '源端口',
'time': '查询时间戳，单位：秒。',
'time_usecond': '响应耗时，单位：微秒。',
'tunnel_id': '通道ID'}"
sas-log-session,云安全中心网络会话日志,"{'__topic__': '日志主题，固定为sas-log-session。',
'owner_id': '阿里云账号ID',
'asset_type': '关联的资产类型，例如ECS、SLB、RDS等。',
'dst_ip': '目标IP地址',
'threat_dst_ip': '目标IP地址的威胁情报。更多信息，请参见威胁情报字段。',
'dst_port': '目标端口',
'proto': '协议类型，例如tcp、udp。',
'session_time': 'Session时间',
'src_ip': '源IP地址',
'threat_src_ip': '源IP地址的威胁情报。更多信息，请参见威胁情报字段。',
'src_port': '源端口'}"
sas-log-http,云安全中心Web日志,"{'__topic__': '日志主题，固定为sas-log-http。',
'owner_id': '阿里云账号ID',
'content_length': '内容长度',
'dst_ip': '目标IP地址',
'threat_dst_ip': '目标IP地址的威胁情报。更多信息，请参见威胁情报字段。',
'dst_port': '目标端口',
'host': '访问主机名',
'jump_location': '重定向地址',
'method': 'HTTP访问',
'referer': '客户端向服务器发送请求时的HTTP referer',
'request_datetime': '请求时间',
'ret_code': '返回状态值',
'rqs_content_type': '请求内容类型',
'rsp_content_type': '响应内容类型',
'src_ip': '源IP地址',
'threat_src_ip': '源IP地址的威胁情报。更多信息，请参见威胁情报字段。',
'src_port': '源端口',
'uri': '请求URI',
'user_agent': '向客户端发起的请求',
'x_forward_for': '路由跳转信息'}"
sas-vul-log,漏洞日志,"{'__topic__': '日志主题，固定为sas-vul-log。',
'owner_id': '阿里云账号ID',
'name': '漏洞名称',
'alias_name': '漏洞别名',
'op': '操作信息，包括：new：新增。verify：验证。fix：修复。',
'status': '状态。更多信息，请参见安全日志状态码。',
'tag': '漏洞标签，例如oval、system、cms，主要用于区分EMG紧急漏洞。',
'type': '漏洞类型，包括：sys：windows漏洞。cve：Linux漏洞。cms：Web CMS漏洞。EMG：紧急漏洞。',
'uuid': '客户端号'}"
sas-hc-log,基线日志,"{'__topic__': '日志主题，固定为sas-hc-log。',
'owner_id': '阿里云账号ID',
'level': '风险级别',
'op': '操作信息，包括：new：新增。verify：验证。',
'risk_name': '风险名称',
'status': '状态。更多信息，请参见安全日志状态码。',
'sub_type_alias': '子类型别名，中文。',
'sub_type_name': '子类型名称',
'type_name': '类型名称。更多信息，请参见基线type-sub-type列表。',
'type_alias': '类型别名，中文。',
'uuid': '客户端号',
'check_item': '检查项名称',
'check_level': '检查项级别',
'check_type': '检查项类型'}"
sas-security-log,安全告警日志,"{'__topic__': '日志主题，固定为sas-security-log。',
'data_source': '数据源。更多信息，请参见安全告警data_source列表。',
'level': '告警级别',
'name': '名称',
'op': '操作信息，包括：new：新增。dealing：处理',
'status': '状态。更多信息，请参见安全日志状态码。',
'uuid': '客户端号',
'detail': '告警详情',
'unique_info': '告警的唯一标识'}"
sas-cspm-log,云平台配置检查日志,"{'__topic__': '日志主题，固定为sas-cspm-log。',
'check_id': '检查项ID。您可以调用ListCheckResult - 查看云产品中云平台配置检查风险项结果详情接口获取ID值。',
'check_show_name': '检查项名称。',
'instance_id': '实例ID。',
'instance_name': '实例名称。',
'instance_result': '风险产生的影响。格式为JSON字符串。',
'instance_sub_type': '实例的子类型。取值：当实例类型为ECS时，子类型的取值：INSTANCE。DISK。SECURITY_GROUP。当实例类型为ACR时，子类型的取值：REPOSITORY_ENTERPRISE。REPOSITORY_PERSON。当实例类型为RAM时，子类型的取值：ALIAS。USER。POLICY。GROUP。当实例类型为WAF时，子类型的取值为DOMAIN。当实例类型为其他值时，子类型的取值为INSTANCE。',
'instance_type': '实例类型。取值：ECS：云服务器。SLB：负载均衡。RDS：RDS数据库。MONGODB：MongoDB数据库。KVSTORE：Redis数据库。ACR：容器镜像服务。CSK：CSK。VPC：专有网络。ACTIONTRAIL：操作审计。CDN：内容分发网络。CAS：数字证书管理服务（原SSL证书）。RDC：云效。RAM：访问控制。DDoS：DDoS防护。WAF：Web应用防火墙。OSS：对象存储。POLARDB：PolarDB数据库。POSTGRESQL：PostgreSQL数据库。MSE：微服务引擎。NAS：文件存储。SDDP：敏感数据保护。EIP：弹性公网IP。',
'region_id': '实例所在地域ID。',
'requirement_id': '条例ID。您可以通过ListCheckStandard - 云平台配置检查获取标准列表接口获取该ID。',
'risk_level': '风险级别。取值：LOW。MEDIUM。HIGH。',
'section_id': '章节ID。您可以通过ListCheckResult - 查看云产品中云平台配置检查风险项结果详情接口获取ID值。',
'standard_id': '标准ID。您可以通过ListCheckStandard - 云平台配置检查获取标准列表接口获取该ID。',
'status': '检查项的状态。取值：NOT_CHECK：未检查。CHECKING：检查中。PASS：检查通过。NOT_PASS：检查未通过。WHITELIST：已加入白名单。',
'vendor': '所属云厂商。固定取值：ALIYUN。'}"
sas-net-block,网络防御日志,"{'__topic__': '日志主题，固定为sas-net-block。',
'cmd': '被攻击的进程命令行。',
'cur_time': '攻击事件的发生时间。',
'decode_payload': 'HEX格式转换为字符的payload。',
'dest_ip': '被攻击资产的IP地址。',
'dest_port': '被攻击资产的端口。',
'func': '拦截事件的类型。取值：payload：恶意负载类型，表示由于检测到恶意数据或指令而触发的攻击事件拦截。tuple：恶意IP类型，表示由于检测到恶意IP访问而触发的攻击事件拦截。',
'rule_type': '拦截事件下的具体规则类型。取值：alinet_payload：云安全中心指定的payload事件防御规则。alinet_tuple：云安全中心指定的tuple事件防御规则。',
'instance_id': '被攻击资产的实例ID。',
'internet_ip': '被攻击资产的公网IP。',
'intranet_ip': '被攻击资产的私网IP。',
'model': '防御动作模式。取值：block（已拦截）。',
'payload': 'HEX格式的payload。',
'pid': '被攻击的进程ID。',
'platform': '被攻击资产的系统类型。取值：win。linux。',
'proc_path': '被攻击的进程路径。',
'sas_group_name': '服务器在云安全中心的资产分组。',
'src_ip': '发起攻击的源IP地址。',
'src_port': '发起攻击的源端口。',
'uuid': '服务器的UUID。'}"
sas-rasp-log,应用防护日志,"{'__topic__': '日志主题，固定为sas-rasp-log。',
'app_dir': '应用所在目录。',
'app_id': '应用ID。',
'app_name': '应用名称。',
'confidence': '检测算法的置信度。取值：high。medium。low。',
'content': '请求体信息。',
'content_length': '请求体长度。',
'data': 'hook点参数。',
'headers': '请求头信息。',
'hostname': '主机或网络设备的名称。',
'ip': '主机私网IP地址。',
'is_cliped': '该条日志是否因为超长被裁剪过。取值：true：裁剪过。false：未裁剪过。',
'jdk': 'JDK版本。',
'message': '告警描述信息。',
'method': '请求方法。',
'os': '操作系统类型。',
'os_arch': '操作系统架构。',
'os_version': '操作系统内核版本。',
'param': '请求参数，常见格式包括：',
'GET参数。': 'application/x-www-form-urlencoded。',
'payload': '有效攻击载荷。',
'payload_length': '有效攻击载荷长度。',
'rasp_id': '应用防护探针唯一ID。',
'rasp_version': '应用防护探针版本。',
'remote': '请求者IP地址。',
'result': '告警处理结果。取值：block：防护，即阻断。monitor：监控。',
'rule_result': '规则指定的告警处理方式。取值：block。monitor。',
'severity': '风险级别。取值：high。medium。low。',
'stacktrace': '堆栈信息。',
'time': '触发告警的时间。',
'timestamp': '触发告警的时间戳，单位为毫秒。',
'type': '漏洞类型。取值：attach：恶意Attach。beans：恶意beans绑定。classloader：恶意类加载。dangerous_protocol：危险协议使用。dns：恶意DNS查询。engine：引擎注入。expression：表达式注入。file：恶意文件读写。file_delete：任意文件删除。file_list：目录遍历。file_read：任意文件读取。file_upload：恶意文件上传。jndi：JNDI注入。jni：JNI注入。jstl：JSTL任意文件包含。memory_shell：内存马注入。rce：命令执行。read_object：反序列化攻击。reflect：恶意反射调用。sql：SQL注入。ssrf：恶意外连。thread_inject：线程注入。xxe：XXE攻击。',
'url': '请求URL。',
'rasp_attack_uuid': '漏洞UUID。',
'uuid': '主机UUID。',
'internet_ip': '主机公网IP地址。',
'intranet_ip': '主机私网IP地址。',
'sas_group_name': '云安全中心服务器分组名称。',
'instance_id': '主机实例ID。'}"
sas-filedetect-log,文件检测日志,"{'__topic__': '日志主题，固定为sas-filedetect-log。',
'bucket_name': 'Bucket名称。',
'event_id': '告警ID。',
'event_name': '告警名称。',
'md5': '文件的MD5值。',
'sha256': '文件的SHA256值。',
'result': '检测结果。0：文件安全。1：存在恶意文件。',
'file_path': '文件路径。',
'etag': 'OSS文件标识。',
'risk_level': '风险等级。serious：紧急。suspicions：可疑。remind：提醒。',
'source': '检测场景。OSS：在云安全中心控制台执行对阿里云对象存储Bucket内文件的检测。API：通过SDK接入的方式检测恶意文件，支持通过Java或Python方式接入。',
'parent_md5': '父类文件或压缩包文件的MD5值。',
'parent_sha256': '父类文件或压缩包文件的SHA256值。',
'parent_file_path': '父类文件或压缩包文件的名称。',
'start_time': '开始检测时间的时间戳。单位为秒。'}"
aegis-log-process,主机日志进程启动日志,"{'__topic__': '日志主题，固定为aegis-log-process。',
'uuid': '客户端号',
'ip': '客户端主机的IP地址',
'cmdline': '用户启动完整命令行',
'username': '用户名',
'uid': '用户ID',
'pid': '进程ID',
'filename': '进程文件名',
'filepath': '进程文件完整路径',
'groupname': '用户组',
'ppid': '父进程ID',
'pfilename': '父进程文件名',
'pfilepath': '父进程文件完整路径',
'cmd_chain': '进程链',
'containerhostname': '容器主机名',
'containerpid': '容器PID',
'containerimageid': '镜像ID',
'containerimagename': '镜像名称',
'containername': '容器名称',
'containerid': '容器ID',
'cwd': '进程运行目录'}"
aegis-snapshot-process,进程快照日志,"{'__topic__': '日志主题，固定为aegis-snapshot-process。',
'owner_id': '阿里云账号ID',
'uuid': '客户端号',
'ip': '客户端主机的IP地址',
'cmdline': '用户启动完整命令行',
'pid': '进程ID',
'name': '进程文件名',
'path': '进程文件完整路径',
'md5': '进程文件进行MD5计算，超过1 MB的进程文件不进行计算。',
'pname': '父进程文件名',
'start_time': '进程启动时间，内置字段',
'user': '用户名',
'uid': '用户ID'}"
aegis-log-login,登录日志,"{'__topic__': '日志主题，固定为aegis-log-login。',
'owner_id': '阿里云账号ID',
'uuid': '客户端号',
'ip': '客户端主机的IP地址',
'warn_ip': '登录来源IP地址',
'threat_warn_ip': '登录来源IP地址的威胁情报。更多信息，请参见威胁情报字段。',
'warn_port': '登录端口',
'warn_type': '登录类型，例如SSHLOGIN、RDPLOGIN、IPCLOGIN。',
'warn_user': '登录用户名',
'warn_count': '登录次数，例如3次表示这次登录前1分钟内还发送了2次。'}"
aegis-log-crack,暴力破解日志,"{'__topic__': '日志主题，固定为aegis-log-crack。',
'owner_id': '阿里云账号ID',
'uuid': '客户端号',
'ip': '客户端主机的IP地址',
'warn_ip': '登录来源IP地址',
'threat_warn_ip': '登录来源IP地址的威胁情报。更多信息，请参见威胁情报字段。',
'warn_port': '登录端口',
'warn_type': '登录类型，例如SSHLOGIN、RDPLOGIN、IPCLOGIN。',
'warn_user': '登录用户名',
'warn_count': '失败登录次数'}"
aegis-log-network,主机网络连接日志,"{'__topic__': '日志主题，固定为aegis-log-network。',
'owner_id': '阿里云账号ID',
'uuid': '客户端号',
'ip': '客户端主机的IP地址',
'src_ip': '源IP地址',
'threat_src_ip': '源IP地址的威胁情报。更多信息，请参见威胁情报字段。',
'src_port': '源端口',
'dst_ip': '目标IP地址',
'threat_dst_ip': '目标IP地址的威胁情报。更多信息，请参见威胁情报字段。',
'dst_port': '目标端口',
'proc_name': '进程名',
'proc_path': '进程路径',
'proto': '连接协议',
'status': '连接状态。更多信息，请参见网络连接状态描述列表。'}"
aegis-snapshot-port,端口监听快照,"{'__topic__': '日志主题，固定为aegis-snapshot-port。',
'owner_id': '阿里云账号ID',
'uuid': '客户端号',
'ip': '客户端IP地址',
'proto': '监听协议',
'src_ip': '监听IP地址',
'threat_src_ip': '监听IP地址的威胁情报。更多信息，请参见威胁情报字段。',
'src_port': '监听端口',
'pid': '进程ID',
'proc_name': '进程名'}"
aegis-snapshot-host,账户快照,"{'__topic__': '日志主题，固定为aegis-snapshot-host。',
'owner_id': '阿里云账号ID',
'name': '漏洞名称',
'alias_name': '漏洞别名',
'op': '操作信息，包括：new：新增。verify：验证。fix：修复。',
'status': '连接状态。更多信息，请参见网络连接状态描述列表。',
'tag': '漏洞标签，例如oval、system、cms等，主要用于区分EMG紧急漏洞。',
'type': '漏洞类型，包括：sys：windows漏洞。cve：Linux漏洞。cms：Web CMS漏洞。EMG：紧急漏洞。',
'uuid': '客户端号'}"
aegis-log-dns-query,DNS请求日志,"{'__topic__': '日志主题，固定为aegis-log-dns-query。',
'ali_uid': '阿里云账号ID',
'uuid': '客户端号',
'ip': '客户端机器IP地址',
'pid': 'DNS请求发起者进程ID',
'ppid': 'DNS请求发起者的父进程ID',
'time': 'DNS请求发生时间',
'domain': 'DNS请求对应域名',
'proc_path': 'DNS请求发起进程路径',
'proc_cmdline': 'DNS请求发起进程命令行',
'proc_cmd_chain': 'DNS请求发起者进程链',
'sas_group_name': '云安全中心分组名称',
'instance_id': '实例ID'}"
aegis-log-client,客户端事件日志,"{'__topic__': '日志主题，固定为aegis-log-client。',
'uuid': '服务器的UUID。',
'client_ip': '服务器IP地址。',
'agent_version': '客户端版本。',
'last_login': '上次登录的时间戳。单位：毫秒。',
'platform': '操作系统类型。取值：windows。linux。',
'region_id': '服务器所在地域ID。',
'status': '客户端状态。取值：online。offline'}"
,API网关调用日志,"{'apiGroupUid': 'API的分组ID',
'apiGroupName': 'API分组名称',
'apiUid': 'API的ID',
'apiName': 'API名称',
'apiStageUid': 'API环境ID',
'apiStageName': 'API环境名称',
'httpMethod': '调用的HTTP方法',
'path': '请求的PATH',
'domain': '调用的域名',
'statusCode': 'HttpStatusCode',
'errorMessage': '错误信息',
'appId': '调用者应用ID',
'appName': '调用者应用名称',
'clientIp': '调用者客户端IP',
'exception': '后端返回的具体错信息',
'exchangeTimestamp': '整个请求链路的IO时间点:FrontRequestStart：API网关开始接收到客户端请求的时间点。FrontRequestEnd：API网关完成接收客户端请求的时间点。BackendRequestStart：API网关开始向后端服务发起请求的时间点。BackendRequestEnd：API网关完成向后端服务发起请求的时间点。BackendResponseStart：API网关开始接收到后端服务响应的时间点。BackendResponseEnd：API网关完成接收后端服务响应的时间点。FrontResponseStart：API网关开始向客户端发送响应的时间点。FrontResponseEnd：API网关完成向客户端发送响应的时间点。',
'providerAliUid': 'API提供者账户ID',
'region': '区域，如：cn-hangzhou',
'requestHandleTime': '请求时间，UTC',
'requestId': '请求ID，全局唯一',
'requestSize': '请求大小，单位：字节',
'responseSize': '返回数据大小，单位：字节',
'serviceLatency': '访问后端资源耗时总和，包括申请连接资源耗时，建立连接耗时，调用后端服务耗时，单位：毫秒',
'errorCode': '错误码code，如：X500ER',
'requestProtocol': '客户端请求协议：HTTP/HTTPS/WS',
'instanceId': 'API服务所在的网关实例ID',
'initialRequestId': 'API网关自调用时，例如API-1调用API-2 ，那么API-2的日志中会用initialRequestId来记录API-1的requestid。',
'clientNonce': '客户端X-Ca-Nonce头',
'requestQueryString': '客户端请求的queryString（仅专享实例）',
'requestHeaders': '客户端请求的header内容（仅专享实例）',
'requestBody': '客户端请求的body内容，最多1024个字节（仅专享实例）',
'responseHeaders': 'API响应的header内容（仅专享实例）',
'responseBody': 'API响应的response内容，最多1024个（仅专享实例）',
'consumerAppKey': 'API请求的appKey',
'totalLatency': 'API请求的总延迟，单位毫秒',
'customTraceId': '全链路日志的traceId',
'jwtClaims': '从JWT中解析出来的Claim，可以在分组上配置',
'plugin': 'API请求命中的插件列表及相关上下文'}"
,文件存储NAS访问日志,"{'owner_id': '阿里云账号ID',
'ArgIno': '文件系统inode号',
'AuthRc': '授权返回码',
'NFSProtocolRc': 'NFS协议返回码',
'OpList': 'NFSv4 Procedures编号',
'Proc': 'NFSv3 Procedures编号',
'RWSize': '读写大小，单位：Byte。',
'RequestId': '请求ID',
'ResIno': 'lookup的资源inode号',
'SourceIp': '客户端IP地址',
'threat_source_ip': '客户端IP地址的威胁情报。更多信息，请参见威胁情报字段。',
'Vers': 'NFS协议版本号',
'Vip': '服务端IP地址',
'Volume': '文件系统ID',
'Microtime': '请求发生时间，单位：微秒。'}"
cps_callback_event,移动推送的推送回执事件,"{'__topic__': '日志主题，固定为cps_callback_event。',
'owner_id': '阿里云账号ID',
'app_key': 'AppKey',
'message_id': '消息ID',
'event_time': '回执事件时间',
'event_type': '回执事件类型',
'device_id': '设备ID',
'device_type': '设备类型',
'last_active_time': '设备最后活跃时间',
'app_version': '应用版本号',
'client_ip': '客户端IP地址',
'brand': '设备品牌',
'network_type': '设备网络类型',
'os': '设备操作系统',
'os_version': '设备操作系统版本',
'isp': '设备所属运营商',
'job_key': '任务Key',
'event_channel': '推送通道',
'vendor_message_id': '厂商通道消息ID',
'reason': '发送失败的原因'}"
appconnect_oplog,应用集成操作日志,"{'__topic__': '日志主题，固定为appconnect_oplog。',
'uid': '阿里云账号ID',
'execution_id': '单次请求或者触发的唯一标识',
'status': '本次集成流的执行状态，仅包含begin、done。',
'flow_name': '集成流名称',
'step': '集成流中步骤的名称，步骤的唯一标识。',
'id': '步骤执行ID。集成流每次执行的唯一索引，可解码为stepTime时间戳字段。在包含循环的业务场景中，同一步骤可执行多次，步骤名称相同，id不同。',
'type': '步骤类型',
'duration': '步骤执行持续时间，单位：纳秒。',
'message': '步骤执行过程中，输出的信息，字符串文本格式。',
'step_time': '集成流每次触发步骤开始执行的时间',
'container_ip': '集成pod的IP地址',
'integration_name': '集成pod的名称',
'failed': '步骤运行是否成功'}"
eiam_management,IDaaS日志应用身份服务管理操作日志,"{'__topic__': '日志主题，固定为eiam_management。',
'ali_uid': '阿里云账号ID',
'instance_id': '应用身份服务实例ID',
'actor_id': '操作者ID标识',
'actor_type': '操作者类型，包括：urn:alibaba:idaas:actortype:idaas:user：IDaaS账户。urn:alibaba:idaas:actortype:idaas:app：IDaaS应用。urn:alibaba:idaas:actortype:idaas:idp：IDaaS身份提供方。urn:alibaba:idaas:actortype:alibabacloud:user：阿里云账号。urn:alibaba:idaas:actortype:alibabacloud:role：阿里云RAM角色。urn:alibaba:idaas:actortype:idaas:system：IDaaS系统。',
'actor_name': '操作者名称',
'device': '设备名称',
'browser': '浏览器名称',
'source_ip': '来源IP地址',
'operation_system': '操作系统',
'event_type': '事件类型',
'event_id': '事件ID',
'parent_event_id': '父事件ID',
'root_event_id': '根事件ID',
'event_time': '事件发生的时间戳',
'event_result': '事件结果',
'event_parameters': '事件参数',
'targets': '操作目标信息，操作目标类型包括：urn:alibaba:idaas:resource:instance：IDaaS实例。urn:alibaba:idaas:resource:user：IDaaS账户。urn:alibaba:idaas:resource:organizational_unit：IDaaS组织机构。urn:alibaba:idaas:resource:application：IDaaS应用。urn:alibaba:idaas:resource:application_client_secret：IDaaS应用的ClientSecret。urn:alibaba:idaas:resource:application_account：IDaaS应用账户。urn:alibaba:idaas:resource:application_credential：IDaaS应用凭据。',
'log_type': '日志类型，固定为urn:alibaba:idaas:log:type:admin。'}"
eiam_user_behavior,IDaaS日志应用身份服务用户行为日志,"{'__topic__': '日志主题，固定为eiam_user_behavior。',
'ali_uid': '阿里云账号ID',
'instance_id': '应用身份服务实例ID',
'actor_id': '操作者ID标识',
'actor_type': '操作者类型，包括：urn:alibaba:idaas:actortype:idaas:user：IDaaS账户。urn:alibaba:idaas:actortype:idaas:app：IDaaS应用。urn:alibaba:idaas:actortype:idaas:idp：IDaaS身份提供方。urn:alibaba:idaas:actortype:alibabacloud:user：阿里云账号。urn:alibaba:idaas:actortype:alibabacloud:role：阿里云RAM角色。urn:alibaba:idaas:actortype:idaas:system：IDaaS系统。',
'actor_name': '操作者名称',
'device': '设备名称',
'browser': '浏览器名称',
'source_ip': '来源IP地址',
'operation_system': '操作系统',
'event_type': '事件类型',
'event_id': '事件ID',
'parent_event_id': '父事件ID',
'root_event_id': '根事件ID',
'event_time': '事件发生的时间戳',
'event_result': '事件结果',
'event_error_code': '事件错误码',
'event_parameters': '事件参数',
'targets': '操作目标信息，操作目标类型包括：urn:alibaba:idaas:resource:instance：IDaaS实例。urn:alibaba:idaas:resource:user：IDaaS账户。urn:alibaba:idaas:resource:organizational_unit：IDaaS组织机构。urn:alibaba:idaas:resource:application：IDaaS应用。urn:alibaba:idaas:resource:application_client_secret：IDaaS应用的ClientSecret。urn:alibaba:idaas:resource:application_account：IDaaS应用账户。urn:alibaba:idaas:resource:application_credential：IDaaS应用凭据。',
'log_type': '日志类型，固定为urn:alibaba:idaas:log:type:user。'}"
,配置审计的配置变更记录,"{'accountId': '资源归属的阿里云账号ID。',
'arn': 'RAM角色标识。',
'availabilityZone': '资源可用区。',
'captureTime': '记录资源合规评估的时间戳。单位：毫秒。',
'configuration': '资源关联的规则列表和规则合规详情。',
'configurationDiff': '触发本次评估的资源变更细节。',
'dataType': '事件类型，固定为ConfigurationItemChangeNotification。',
'regionId': '地域ID。',
'relationship': '相关资源的详细信息，包括相关资源所在地域ID、资源关系、资源ID和资源类型。',
'relationshipDiff': '触发本次评估的资源变更细节。',
'requestId': '请求ID。',
'resourceCreateTime': '创建资源的时间戳。单位：毫秒。',
'resourceEventType': '资源事件。',
'resourceGroupId': '资源组。',
'resourceId': '资源ID。',
'realResourceId': '一级资源ID。',
'resourceName': '资源名。',
'resourceStatus': '资源状态。',
'resourceType': '资源类型。',
'serviceName': '服务名。',
'tags': '资源标签。',
'version': '版本号。'}"
,资源不合规事件,"{'accountId': '资源归属的阿里云账号ID。',
'annotation': '描述信息。',
'riskLevel': '风险水平。包括：1：高风险。2：中风险。3：低风险。',
'dataType': '不合规事件，固定为NonCompliantNotification。',
'evaluationResultIdentifier': '资源评估结果标识符。',
'eventType': '事件类型。',
'invokingEventMessageType': '规则触发机制。',
'complianceType': '规则合规评估结果。包括：COMPLIANT：合规。NON_COMPLIANT：不合规。NOT_APPLICABLE：不适用。INSUFFICIENT_DATA：无数据。',
'requestId': '请求ID。',
'eventName': '事件名称。',
'notificationCreationTime': '创建通知的时间。',
'regionId': '地域ID。',
'resourceId': '资源ID。',
'resourceType': '资源类型。',
'serviceName': '服务名。'}"
dns_intranet_log,内网DNS日志,"{'__topic__': '日志主题，固定为dns_intranet_log。',
'user_id': '阿里云账号ID',
'region_id': '地域',
'vpc_id': 'VPC实例ID',
'src_addr': '源IP地址',
'dst_addr': '目的IP地址',
'src_port': '源端口',
'dst_port': '目的端口',
'transport': '传输协议',
'dns_msg_id': 'DNS信息ID',
'dns_msg_flags': 'DNS信息Flags',
'query_name': '查询名称',
'query_type': '查询类型',
'rcode': '返回代码',
'answer_rrset': '回答资源记录集',
'authority_rrset': '权威资源记录集',
'additional_rrset': '其他资源记录集',
'edns': 'DNS扩展协议',
'service_type': '服务类型，包括：PVTZ。DEFAULT_PVTZ。PVTZ_RESOLVER。LOCAL_ZONE。RESOLVER。PUB_ZONE。',
'module_type': '模块类型，包括：AUTH_FAST：权威加速。AUTH_SLOW：权威普通。FORWARD：转发。CACHE：缓存。RECURSION：递归模块。GLOBAL：全局。',
'resolve_path': '解析路径， 使用半角逗号（,）分割,分别表示权威加速、权威普通、缓存、转发、递归模块。1：表示经过该模块。0：表示跳过该模块',
'rt': '响应时延，全局应答rt表示整个查询到应答的时延；模块日志rt表示在模块内部消耗的时延',
'view_name': '请求命中线路名称， 例如：DEFAULT',
'ecs_id': 'ECS 实例ID，例如：i-2******************94',
'ecs_hostname': 'ECS 主机名,例如：Y*****-c***-d**-02'}"
dns_resolve_log,公网DNS日志,"{'__topic__': '日志主题，固定为dns_resolve_log',
'user_id': '阿里云账号ID',
'region_id': '地域',
'src_addr': '源IP地址',
'dst_addr': '目的IP地址',
'src_port': '源端口',
'dst_port': '目的端口',
'transport': '传输协议',
'dns_msg_id': 'DNS信息ID',
'dns_msg_flags': 'DNS信息Flags',
'query_name': '查询名称',
'query_type': '查询类型',
'rcode': '返回代码',
'answer_rrset': '回答资源记录集',
'authority_rrset': '权威资源记录集',
'additional_rrset': '其他资源记录集',
'edns': 'DNS扩展协议',
'service_type': '服务类型，包括：PVTZ。DEFAULT_PVTZ。PVTZ_RESOLVER。LOCAL_ZONE。RESOLVER。PUB_ZONE。',
'module_type': '模块类型，包括：AUTH_FAST：权威加速。AUTH_SLOW：权威普通。FORWARD：转发。CACHE：缓存。RECURSION：递归模块。GLOBAL：全局。',
'resolve_path': '解析路径， 使用半角逗号（,）分割,分别表示权威加速、权威普通、缓存、转发、递归模块。1：表示经过该模块。0：表示跳过该模块。',
'rt': '响应时延，全局应答rt表示整个查询到应答的时延；模块日志rt表示在模块内部消耗的时延',
'view_name': '请求命中线路名称， 例如：DEFAULT',
'z_name': '匹配权威zone的zone name',
'wild_len': '命中泛域名时候泛域名（wire格式）长度',
'value': 'ans字段RRset中value部分',
'subnet': 'edns字段中subnet部分'}"
dns_gtm_log,全局流量管理日志,"{'__topic__': '日志主题，固定为dns_gtm_log。',
'user_id': '阿里云账号ID',
'region_id': '地域',
'src_addr': '源IP地址',
'dst_addr': '目的IP地址',
'src_port': '源端口',
'dst_port': '目的端口',
'transport': '传输协议',
'dns_msg_id': 'DNS信息ID',
'dns_msg_flags': 'DNS信息Flags',
'query_name': '查询名称',
'query_type': '查询类型',
'rcode': '返回代码',
'answer_rrset': '回答资源记录集',
'authority_rrset': '权威资源记录集',
'additional_rrset': '其他资源记录集',
'edns': 'DNS扩展协议',
'service_type': '服务类型，包括：PVTZ。DEFAULT_PVTZ。PVTZ_RESOLVER。LOCAL_ZONE。RESOLVER。PUB_ZONE。',
'module_type': '模块类型，包括：AUTH_FAST：权威加速。AUTH_SLOW：权威普通。FORWARD：转发。CACHE：缓存。RECURSION：递归模块。GLOBAL：全局。',
'resolve_path': '解析路径， 使用半角逗号（,）分割,分别表示权威加速、权威普通、缓存、转发、递归模块。1：表示经过该模块。0：表示跳过该模块。',
'rt': '响应时延，全局应答rt表示整个查询到应答的时延；模块日志rt表示在模块内部消耗的时延。',
'view_name': '请求命中线路名称， 例如：DEFAULT。',
'z_name': '匹配权威zone的zone name',
'wild_len': '命中泛域名时候泛域名（wire格式）长度',
'value': 'ans字段RRset中value部分',
'subnet': 'edns字段中subnet部分'}"
,特权访问管理中心PAM运维审计日志,"{'user_id': '用户ID',
'instance_id': '实例ID',
'operator_id': '运维员ID',
'user_type': '用户类型，包括：RAM_ROOT：阿里云账号。RAM_SUB_USER：阿里云RAM用户。BUILTIN：PAM本地账号。',
'system_account': '系统账户名',
'asset_ip': '资产IP地址',
'asset_name': '资产名称',
'asset_port': '资产端口',
'asset_region_id': '资产所在地域',
'asset_id': '资产ID',
'asset_type': '资产类型，包括：Ecs：云服务器ECS。Ack：容器服务Kubernetes版ACK。',
'content': '指令内容',
'credential_name': '凭据名称',
'event_time': '事件时间',
'intercepted': '是否被拦截',
'protocol_type': '协议类型，包括：ssh：SSH协议。rdp：RDP协议。k8s：kubectl exec协议。',
'region_id': '会话发生地域',
'session_id': '会话的唯一标识符ID',
'source_ip': '源IP地址',
'event_type': '事件类型，包括：',
'session：会话': 'cmd：命令',
'event_sub_type': '事件子类型：close：会话关闭。open：会话开始。command：指令执行。update_asset_fingerprint：更新指纹',
'video_size': '录像大小'}"
,特权访问管理中心PAM操作审计日志,"{'user_id': '用户ID',
'instance_id': '实例ID',
'event_sub_type': '事件类型，包括：FILE_Upload：文件上传。FILE_Download：文件下载。',
'event_type': '事件大类，值为FILE，表示文件相关操作。',
'event_detail': '事件详情',
'event_content': '事件内容',
'event_id': '事件UUID',
'user_name': '操作用户名',
'user_type': '操作用户类型，包括：RAM_ROOT：阿里云账号。RAM_SUB_USER：阿里云RAM用户。BUILTIN：PAM本地账号。',
'operator_id': '操作人ID',
'start_time': '事件开始时间',
'end_time': '事件结束时间'}"
